row,disease,gene_symbol,candidate_drug,verdict,confidence,phase_this_disease,phase_other_disease,ema_status,disease_has_any_drug_record,source,ref,basis,note
3,Niemann-Pick disease type C,NPC1,miglustat,downstream_match,high,approved,approved,expired,yes,chembl,EU/3/06/351,"chembl_drug_indication.jsonl: {""efo_id"": ""EFO:1001380"", ""efo_term"": ""Niemann-Pick disease"", ""max_phase_for_ind"": ""4.0"", ""molecule_chembl_id"": ""CHEMBL1029"", ""parent_molecule_chembl_id"": ""CHEMBL1029"", ""indication_refs"": [{""ref_type"": ""EMA"", ""ref_id"": ""EMEA/H/C/000435""}]}","Broader term used: the phase-4 row is on 'Niemann-Pick disease' (EFO:1001380) and rests on the Zavesca EPAR EMEA/H/C/000435; Zavesca's authorisation covers Niemann-Pick type C, and the NPC-specific ChEMBL row (MONDO:0018982) is only phase 3 (NCT00517153, NCT01760564). EMA orphan designation EU/3/06/351, substance 'miglustat', intended use ""Treatment of Niemann-Pick's disease, type C"", Status 'Expired' - exact disease, and expiry after approval is evidence a product reached market. Open Targets also lists CHEMBL1029 / MONDO_0018982 Niemann-Pick disease type C APPROVAL. Other disease: Gaucher disease type 1 phase 4 (Orphanet:77259, same Zavesca EPAR). Other miglustat designations: EU/3/20/2349 neuronal ceroid lipofuscinosis 'Positive', EU/3/18/2129 Pompe disease 'Withdrawn'."
4,Fabry disease,GLA,migalastat,causal_match,high,approved,none,expired,yes,chembl,EU/3/06/368,"chembl_drug_indication.jsonl: {""efo_id"": ""MONDO:0010526"", ""efo_term"": ""Fabry disease"", ""max_phase_for_ind"": ""4.0"", ""molecule_chembl_id"": ""CHEMBL2107355"", ""parent_molecule_chembl_id"": ""CHEMBL110458"", ""indication_refs"": [{""ref_type"": ""ClinicalTrials"", ""ref_id"": ""NCT00214500,NCT00283933,NCT00283959,NCT00304512,NCT00526071,NCT00925301,NCT01196871,NCT01218659,NCT01458119,NCT01476163""}, {""ref_type"": ""DailyMed"", ""ref_id"": ""66dbd928-0f1c-48b1-a832-54e4abd9f1db""}, {""ref_type"": ""EMA"", ""ref_id"": ""EMEA/H/C/004059""}, {""ref_type"": ""FDA"", ""ref_id"": ""label/2018/208623lbl.pdf""}]}","Salt/parent handled: the approval row sits on CHEMBL2107355 (migalastat hydrochloride) whose parent_molecule_chembl_id is CHEMBL110458 (migalastat); the parent ID carries the phase-3 trial row. EMA orphan row is filed under the chemical name, not 'migalastat': '1-Deoxygalactonojirimycin hydrochloride', 'Treatment of Fabry disease', EU/3/06/368, Status 'Expired' - migalastat is 1-deoxygalactonojirimycin, and the expiry followed Galafold's authorisation. Other disease: neither ChEMBL nor Open Targets records migalastat in any disease other than Fabry disease."
5,phenylketonuria,PAH,sapropterin,causal_match,high,approved,trial,withdrawn,yes,chembl,EU/3/05/308,"chembl_drug_indication.jsonl: {""efo_id"": ""MONDO:0009861"", ""efo_term"": ""phenylketonuria"", ""max_phase_for_ind"": ""4.0"", ""molecule_chembl_id"": ""CHEMBL1201775"", ""parent_molecule_chembl_id"": ""CHEMBL1201774"", ""indication_refs"": [{""ref_type"": ""ClinicalTrials"", ""ref_id"": ""NCT00104247,NCT00104260,NCT00225615,NCT00272792,NCT00332189,NCT00789568,NCT00838435,NCT00841100,NCT01114737,NCT01395394,NCT01617070""}, {""ref_type"": ""DailyMed"", ""ref_id"": ""af38711e-8873-4790-a92d-4d583e23fb89""}, {""ref_type"": ""EMA"", ""ref_id"": ""EMEA/H/C/000943""}, {""ref_type"": ""EMA"", ""ref_id"": ""EMEA/H/C/005646""}]}","Approval row cites the Kuvan EPAR EMEA/H/C/000943 and sapropterin-dipharma EMEA/H/C/005646. Salt/parent: record sits on CHEMBL1201775 (sapropterin dihydrochloride), parent CHEMBL1201774. EMA: the only sapropterin designation is EU/3/05/308 'Treatment of hyperphenylalaninaemia', Status 'Withdrawn' - a broader term that contains phenylketonuria, and it is recorded withdrawn even though the EPAR cited by ChEMBL shows Kuvan was authorised; I did not merge that into 'expired'. Other disease: no phase-4 record outside phenylketonuria/hyperphenylalaninemia; highest elsewhere is trial stage (Open Targets: ADHD PHASE_3, depressive disorder PHASE_3; ChEMBL: autism, Lesch-Nyhan, cirrhosis, sickle cell anemia at phase 2)."
6,tyrosinemia type I,FAH,nitisinone,downstream_match,high,approved,trial,expired,yes,chembl,EU/3/00/012,"chembl_drug_indication.jsonl: {""efo_id"": ""MONDO:0004741"", ""efo_term"": ""tyrosinemia"", ""max_phase_for_ind"": ""4.0"", ""molecule_chembl_id"": ""CHEMBL1337"", ""parent_molecule_chembl_id"": ""CHEMBL1337"", ""indication_refs"": [{""ref_type"": ""ClinicalTrials"", ""ref_id"": ""NCT01734889,NCT02323529,NCT02750332,NCT02750345,NCT02750709""}, {""ref_type"": ""EMA"", ""ref_id"": ""EMEA/H/C/000555""}, {""ref_type"": ""EMA"", ""ref_id"": ""EMEA/H/C/004582""}]}","Broader term used: ChEMBL's phase-4 row is on 'tyrosinemia' (MONDO:0004741), not on tyrosinemia type I; it rests on the Orfadin (EMEA/H/C/000555) and Nityr (EMEA/H/C/004582) EPARs, whose indication is hereditary tyrosinaemia type 1. The EMA designation is exact: 'nitisinone', 'Treatment of tyrosinaemia type 1', EU/3/00/012, Status 'Expired'. Open Targets carries CHEMBL1337 / MONDO_0010161 tyrosinemia type I but with maxClinicalStage UNKNOWN. Other disease: alkaptonuria phase 3. Other designation: EU/3/02/096 alkaptonuria 'Withdrawn'."
8,tuberous sclerosis,TSC1,sirolimus,causal_match,medium,approved,approved,positive,yes,chembl,EU/3/17/1910,"chembl_drug_indication.jsonl: {""efo_id"": ""HP:0009720"", ""efo_term"": ""Adenoma sebaceum"", ""max_phase_for_ind"": ""4.0"", ""molecule_chembl_id"": ""CHEMBL413"", ""parent_molecule_chembl_id"": ""CHEMBL413"", ""indication_refs"": [{""ref_type"": ""EMA"", ""ref_id"": ""EMEA/H/C/005896""}]}","The approval is narrow: EMEA/H/C/005896 is Hyftor, topical sirolimus gel for facial angiofibroma (adenoma sebaceum) associated with tuberous sclerosis - one manifestation of TSC, and ChEMBL files it under mesh_heading 'Tuberous Sclerosis'. ChEMBL's separate phase-4 row on MONDO:0001734 'tuberous sclerosis' is not itself approval evidence: it cites only NCTs, and I opened NCT00126672 - 'A Phase II Multi-Center Study of Rapamycin for Treating Kidney Angiomyolipomas in TSC or LAM Patients' (PHASE2, completed, n=36) - so systemic sirolimus in TSC is trial stage and the phase-4 tag there is the molecule's maximum phase. EMA: EU/3/17/1910, substance 'sirolimus', 'Treatment of tuberous sclerosis', Status 'Positive', medicine Hyftor - closest to this disease; two further sirolimus TSC designations EU/3/17/1886 and EU/3/15/1557 are also 'Positive'. Other disease: approved for kidney transplant rejection prophylaxis (EFO:0010134 phase 4, Rapamune EMEA/H/C/000273)."
7,alkaptonuria,HGD,nitisinone,downstream_match,high,trial,approved,withdrawn,yes,chembl,NCT01916382,"chembl_drug_indication.jsonl: {""efo_id"": ""MONDO:0008753"", ""efo_term"": ""alkaptonuria"", ""max_phase_for_ind"": ""3.0"", ""molecule_chembl_id"": ""CHEMBL1337"", ""parent_molecule_chembl_id"": ""CHEMBL1337"", ""indication_refs"": [{""ref_type"": ""ClinicalTrials"", ""ref_id"": ""NCT00107783,NCT01390077,NCT01828463,NCT01916382""}]}","Read NCT01916382 (SONIA 2): 'An International, Multicentre, Randomised, Evaluator-blind, No-treatment Controlled, Parallel-group Study to Assess the Efficacy and Safety of Once Daily Nitisinone in Patients With Alkaptonuria', PHASE3, n=140, sponsor University of Liverpool, completed 2020 - a genuine treatment trial in this disease, not a trap record. No approval for alkaptonuria appears in these sources: Open Targets also gives PHASE_3, and the EMA designation 'nitisinone', 'Treatment of alkaptonuria', EU/3/02/096 is Status 'Withdrawn' (last updated 01/04/2020). Other disease: tyrosinemia, approved. Caveat from my own knowledge, not from these sources: a nitisinone product for alkaptonuria may have been authorised in the EU around 2020, which these files do not reflect."
39,glycogen storage disease II,GAA,albuterol,downstream_match,medium,trial,approved,none,yes,ctgov,NCT01885936,"ClinicalTrials.gov NCT01885936: ""A Phase 1/2 Double-Blind Study of the Safety and Efficacy of Albuterol on Motor Function in Individuals With Late-onset Pompe Disease Receiving Enzyme Replacement Therapy"" (conditions: Pompe Disease; interventions: Albuterol, Placebo; sponsor Duke University; PHASE1/PHASE2, COMPLETED, n=16, healthy_volunteers: No)","Albuterol = CHEMBL714. ChEMBL row: {""molecule_chembl_id"": ""CHEMBL714"", ""efo_id"": ""Orphanet:365"", ""efo_term"": ""Glycogen storage disease due to acid maltase deficiency"", ""mesh_heading"": ""Glycogen Storage Disease Type II"", ""max_phase_for_ind"": ""1.0"", ""indication_refs"": [{""ref_id"": ""NCT01859624,NCT01885936""}]}. Both cited trials were read: NCT01859624 (phase 1, n=8) and NCT01885936 (phase 1/2, n=16) are genuine treatment trials of albuterol in late-onset Pompe patients - albuterol is being tested as an adjunct that raises CI-MPR-mediated uptake of enzyme replacement therapy, not as a bronchodilator premedication. Other disease: approved for asthma and COPD (opentargets clinical_indication CHEMBL714 / MONDO_0004979 APPROVAL). No EMA orphan designation for albuterol; the only salbutamol-like row in the file is EU/3/07/481 ""R-salbutamol sulfate"" for cutaneous lupus, a different substance."
44,Riley-Day syndrome,ELP1,carbidopa,downstream_match,medium,trial,approved,none,yes,ctgov,NCT01212484,"ClinicalTrials.gov NCT01212484: ""Carbidopa for the Treatment of Nausea and Vomiting in Familial Dysautonomia"" (condition Familial Dysautonomia; interventions Carbidopa, Placebo; sponsor NYU Langone Health; PHASE3, COMPLETED, n=12)","Riley-Day syndrome = familial dysautonomia; carbidopa = CHEMBL1200748, parent CHEMBL1201236. ChEMBL carries two rows, both phase 3 and both genuine treatment trials in this disease: Orphanet:1764 ""Familial dysautonomia"" NCT01212484 and MONDO:0009131 ""Riley-Day syndrome"" NCT02553265 (""Carbidopa in Familial Dysautonomia: Phase-II Study, IND 117435"", PHASE2, COMPLETED, n=22). Carbidopa is given here as a peripheral decarboxylase inhibitor to blunt the dopamine surges that drive dysautonomic crises - it treats the disease, it is not a premedication. Other disease: approved for Parkinson disease (opentargets clinical_indication CHEMBL1200748 / MONDO_0005180 APPROVAL). EMA: carbidopa's only designation is EU/3/01/035 ""levodopa;carbidopa"", Intended use ""Treatment of advanced idiopathic Parkinson's disease with severe motor fluctuations"", Status Withdrawn - a different disease and a combination substance, so none for this row."
46,Riley-Day syndrome,ELP1,ipratropium bromide,symptomatic,medium,trial,approved,none,yes,ctgov,NCT01987219,"ClinicalTrials.gov NCT01987219: ""The Effects of Bronchodilator Therapy On Respiratory and Autonomic Function in Patients With Familial Dysautonomia"" (condition Familial Dysautonomia; interventions Albuterol-sulphate, Ipratropium-bromide, placebo; sponsor NYU Langone Health; PHASE3, COMPLETED, n=15)","Ipratropium bromide = CHEMBL2134724, parent CHEMBL1621597. The single ChEMBL row ({""efo_id"": ""Orphanet:1764"", ""efo_term"": ""Familial dysautonomia"", ""max_phase_for_ind"": ""3.0"", ""indication_refs"": [{""ref_id"": ""NCT01987219""}]}) cites this trial, which was read: ipratropium is one of the two active arms, given to patients with familial dysautonomia to treat their restrictive/obstructive respiratory and autonomic dysfunction. It is a treatment arm, not a probe or premedication, so this counts as trial. Other disease: approved for asthma, COPD and chronic bronchitis (opentargets clinical_indication CHEMBL2134724 / MONDO_0004979 APPROVAL). No EMA orphan designation for ipratropium (0 rows)."
48,Riley-Day syndrome,ELP1,albuterol,symptomatic,medium,trial,approved,none,yes,ctgov,NCT01987219,"ClinicalTrials.gov NCT01987219: ""The Effects of Bronchodilator Therapy On Respiratory and Autonomic Function in Patients With Familial Dysautonomia"" (condition Familial Dysautonomia; interventions Albuterol-sulphate, Ipratropium-bromide, placebo; sponsor NYU Langone Health; PHASE3, COMPLETED, n=15)","Same trial as row 46, other active arm. Albuterol = CHEMBL714; ChEMBL row {""molecule_chembl_id"": ""CHEMBL714"", ""efo_id"": ""Orphanet:1764"", ""efo_term"": ""Familial dysautonomia"", ""max_phase_for_ind"": ""3.0"", ""indication_refs"": [{""ref_id"": ""NCT01987219""}]}. Albuterol-sulphate is an active treatment arm in familial dysautonomia patients, so trial. Other disease: approved for asthma and COPD. No EMA orphan designation for albuterol (see row 39)."
955,familial male-limited precocious puberty,LHCGR,ketoconazole,downstream_match,high,off_label_case,approved,positive,yes,ctgov,NCT00094328,"NCT00094328 (testotoxicosis trial) inclusion criteria: 'Naive to anti androgen receptor therapy: (Note: Ketoconazole and Spironolactone are considered acceptable as is prior use of anastrozole or other aromatase inhibitors)' and 'for subjects who have previously received ketoconazole or spironolactone treatment, a documented reliable height measurement taken immediately prior to beginning this treatment.'","Read with care before using. There is no ketoconazole indication record for this disease anywhere: all 45 ChEMBL ketoconazole rows read, none for precocious puberty; MONDO_0008303 in Open Targets lists only anastrozole and bicalutamide. The only source evidence is inside another drug's trial protocol, where prior ketoconazole treatment of enrolled testotoxicosis boys is written into the eligibility criteria - i.e. documented off-label use in this disease, not a ketoconazole study. A reader who requires the drug to be a trial intervention should downgrade this to not_found. EMA for ketoconazole: EU/3/12/1031 and EU/3/12/965 'Treatment of Cushing's syndrome' (Positive / Expired) and EU/3/17/1857 'granulosa cell tumours' (Positive); EU/3/12/1012 belongs to '2S, 4R ketoconazole' (levoketoconazole), a different molecule. None relates to precocious puberty; I recorded the Positive Cushing's designation as the closest steroidogenesis-inhibition use."
1002,glycogen storage disease due to muscle and heart glycogen synthase deficiency,GYS1,triheptanoin,downstream_match,medium,off_label_case,approved,positive,yes,ctgov,NCT01461304,"Open Targets clinical_indication row: drugId CHEMBL4297585, diseaseId MONDO_0002412 'disorder of glycogen metabolism', maxClinicalStage UNKNOWN, clinicalReportIds [nct01461304]. NCT01461304 (study_type EXPANDED_ACCESS, no phase): ""This study is also open to patients with any type of glycogen storage disease, pyruvate carboxylase deficiency, or Barth Syndrome""; inclusion criteria ""Diagnosis of disorder in long chain fatty acid oxidation, glycogen storage disease, pyruvate carboxylase deficiency, or Barth Syndrome""","NEW TYPE: expanded-access record standing in for a trial. The only source record that reaches this disease is an Open Targets clinical_indication row whose backing 'clinical report' is a compassionate-use / EXPANDED_ACCESS protocol with no phase and no endpoint, mapped onto the broad node 'disorder of glycogen metabolism'. GSD due to muscle-and-heart glycogen synthase deficiency (GYS1, GSD 0b) falls inside that protocol's open eligibility, but no patient with this genotype is documented and there is no controlled study - hence off_label_case rather than trial. Anyone scoring maxClinicalStage mechanically would read this row as a clinical stage for the disease; it is not one. No GYS1-specific record exists anywhere: ChEMBL has 0 rows for any glycogen-synthase-deficiency term, and Open Targets has 0 rows for MONDO_0012693 and Orphanet_308520. Triheptanoin's own ChEMBL glycogen rows are other GSDs (GSD V 2.0 NCT02432768/NCT02919631, GSD VII 2.0 NCT03642860, GSD I 0.5 NCT03665636). EMA: triheptanoin holds 10 designations; the closest is EU/3/16/1710 'Treatment of McArdle's disease' (GSD V, Positive) - recorded here - the others being fatty-acid-oxidation disorders (EU/3/20/2360, EU/3/20/2302, EU/3/15/1526, EU/3/15/1525, EU/3/15/1524, EU/3/15/1508, all Positive) plus EU/3/15/1495 (GLUT1 deficiency, Withdrawn), EU/3/12/1081 and EU/3/12/1082 (Withdrawn). None is for GSD 0b. phase_other_disease=approved rests on drug_molecule.maximumClinicalStage=APPROVAL for CHEMBL4297585; both indication tables top out at phase 3 for triheptanoin, so that OT field is uncorroborated inside these sources."
1145,glycine encephalopathy,GCSH,Benzoate,downstream_match,medium,off_label_case,trial,positive,yes,ema,EU/3/02/111,"EMA: {Medicine name: Prohippur, Active substance: 'benzoic acid, sodium salt', Date of designation: 11/09/2002, Intended use: 'Treatment of non-ketotic hyperglycinaemia', EU designation number: EU/3/02/111, Status: Positive}","Read this verdict narrowly. 'Benzoate' resolved to SODIUM BENZOATE CHEMBL1356. The ONLY source record tying this drug to this disease is the orphan designation above - non-ketotic hyperglycinaemia is the same disease as glycine encephalopathy. A designation is not an approval and not a trial: sodium benzoate has no ChEMBL row for any glycine-encephalopathy term (its ChEMBL rows are psychosis 2.0 and Encephalopathy 2.0 / NCT00597909, which is a hepatic-encephalopathy study, not this disease), no Open Targets row for it (urea cycle disorder PHASE_2, schizophrenia PHASE_2_3, Alzheimer PHASE_2 - hence phase_other_disease=trial), and a ClinicalTrials.gov search for benzoate in nonketotic hyperglycinemia / glycine encephalopathy returned 0 studies. off_label_case rather than not_found because unlicensed clinical use in this disease is what the designation is premised on; the clinical-practice part of that is model knowledge, not a source. Sodium benzoate holds many other designations (urea cycle disorders: EU/3/16/1705-1708, EU/3/15/1600-1601, EU/3/16/1729-1730, EU/3/16/1787-1788, EU/3/19/2166) - EU/3/02/111 is the one matching this disease."
1255,hereditary angioedema with normal C1Inh,F12,Icatibant,downstream_match,high,off_label_case,approved,expired,yes,chembl,EMEA/H/C/000899,"chembl_drug_indication drugind_id 137348: efo_id MONDO:0019623, efo_term ""hereditary angioedema"", mesh_heading ""Angioedemas, Hereditary"", max_phase_for_ind ""4.0"", molecule_chembl_id CHEMBL2028852 (parent CHEMBL2028850), indication_refs NCT00517582 + DailyMed ed6657ca + EMA EMEA/H/C/000899 (firazyr)","The phase-4 row is on the parent term ""hereditary angioedema""; the Firazyr authorisation is for HAE with C1-esterase-inhibitor deficiency (types I/II), so this is the parent-to-subtype bleed the brief warns about (cf. eliglustat/Gaucher type 3). Neither ChEMBL nor OT has any record under the nC1Inh subtype itself (OT disease MONDO_0100567 ""hereditary angioedema with normal C1Inh"" has zero clinical_indication rows; MONDO_0012526 ""hereditary angioedema type 3"" also zero). Icatibant use in F12-HAE/HAE-nC1INH is off-label. EMA orphan EU/3/03/133 (icatibant acetate, ""Treatment of angioedema"") is Expired, i.e. the term lapsed - Firazyr's marketing authorisation is live."
1376,Crigler-Najjar syndrome type 2,UGT1A1,Phenobarbital,causal_match,high,off_label_case,approved,none,yes,ctgov,NCT00461799,"ClinicalTrials.gov NCT00461799, detailed description: 'Unconjugated hyperbilirubinemia in Crigler-Najjar (CN) disease is conventionally treated with phototherapy and/or phenobarbital.'","The quoted sentence is the background of somebody else's trial (orlistat, row 1377) describing conventional care, not a trial of phenobarbital - read it that way. Phenobarbital has no ChEMBL, Open Targets or EMA record for Crigler-Najjar (its rows are epilepsy/seizure 4.0, status epilepticus, neonatal abstinence syndrome, etc.), and a ClinicalTrials.gov search for condition 'Crigler-Najjar syndrome' with intervention phenobarbital returned 0 studies. Type 2 (Arias) is the phenobarbital-responsive form, so the off-label use maps to this row specifically. Crigler-Najjar syndrome itself appears in the sources (ChEMBL MONDO:0009044 phase 1 volrubigene ralaparvovec; EMA EU/3/07/506, EU/3/16/1684, EU/3/14/1338 Positive, EU/3/14/1321 and EU/3/16/1772 Withdrawn)."
52,adrenoleukodystrophy,ABCD1,sobetirome,causal_match,medium,preclinical,none,none,yes,ctgov,NCT01787578,"ClinicalTrials.gov NCT01787578: ""A Prospective Safety, Tolerance, Pharmacodynamics and Pharmacokinetics Study of Sobetirome in Male Subjects Diagnosed With X-linked Adrenoleukodystrophy (X-ALD)"" - status WITHDRAWN, enrollment 0; and NCT03196765: ""Phase I/II, Open-Label, Dose Escalation Study of the Safety, Pharmacokinetics and Pharmacodynamics of NV1205 in Pediatric Male Subjects With Childhood Cerebral Adrenoleukodystrophy (CCALD)"" - status WITHDRAWN, enrollment 0","Sobetirome = CHEMBL107400 (NV1205, GC-1). ChEMBL records it at phase 1 for this disease ({""efo_id"": ""Orphanet:43"", ""efo_term"": ""X-linked adrenoleukodystrophy"", ""max_phase_for_ind"": ""1.0"", ""indication_refs"": [{""ref_id"": ""NCT01787578,NCT03196765""}]}, plus MONDO:0015339 adrenomyeloneuropathy phase 1), and opentargets clinical_indication gives CHEMBL107400 / Orphanet_43 PHASE_1 - but both cited registrations are the only sobetirome studies on ClinicalTrials.gov and BOTH are WITHDRAWN with enrolment 0. No patient with adrenoleukodystrophy ever received the drug in a registered trial, so the phase 1 label in ChEMBL and Open Targets reflects a registration, not a conducted study; I record preclinical. A reader who counts a registered-but-withdrawn IND as ""trial"" can reverse this call from the two NCTs given. Other disease: none in the sources - sobetirome's only opentargets indication is this disease. No EMA orphan designation for sobetirome (0 rows); the disease itself carries several (EU/3/22/2720, EU/3/16/1669, EU/3/19/2236, EU/3/21/2520, EU/3/14/1245, EU/3/12/1003) for other substances."
564,cystic fibrosis,CFTR,riselcaftor,causal_match,medium,preclinical,none,none,yes,chembl,INN:PL130,"ChEMBL: molecule_chembl_id CHEMBL6068031, efo_term ""cystic fibrosis"", max_phase_for_ind ""2.0"", indication_refs [{""ref_type"":""INN"",""ref_id"":""PL130""}]; Open Targets drug_molecule CHEMBL6068031 maximumClinicalStage ""UNKNOWN""","NEW TYPE: registry-listing-only row carrying a phase number with no trial behind it. The single ChEMBL record cites nothing but the INN proposed-list entry PL130 - a name-registration document, not a study - yet it reports max_phase_for_ind 2.0. Open Targets independently gives maximumClinicalStage UNKNOWN, and a ClinicalTrials.gov intervention search for ""riselcaftor"" returns 0 trials (count_total confirmed 0). Riselcaftor has no synonyms in drug_molecule other than its own name, so a code-name trial could not be located. Verdict ""preclinical"" is my reading of that evidence, not a source statement: if the drug is running under an unmapped code name, this should be read as ""trial"" instead. The same INN/USAN-only pattern appears on the votoplam and sevasemten DMD rows, where trials do exist."
36,fish eye disease,LCAT,lamotrigine,mismatch,high,not_treatment,approved,none,yes,ctgov,NCT01618825,"ClinicalTrials.gov NCT01618825: ""An Open Label, Randomized, Two-Period, Two-Treatment, Two-Sequence, Crossover, Balanced, Single Dose Oral Bioequivalence Study of Lamotrigine Tablets 25 mg (2 x 25 mg Tablets) and 'LAMICTAL' (Lamotrigine) Tablets 25 mg (2 x 25 mg Tablets) in Healthy Adult Human Subjects Under Fed Conditions."" (conditions: [""Fed""], healthy_volunteers: Yes, PHASE1, COMPLETED, n=28, sponsor IPCA Laboratories Ltd.)","Identifier mis-expansion trap: ChEMBL expanded the trial-condition string ""Fed"" into Fish-Eye Disease (Orphanet:79292). The ChEMBL row is {""molecule_chembl_id"": ""CHEMBL741"", ""parent_molecule_chembl_id"": ""CHEMBL741"", ""efo_id"": ""Orphanet:79292"", ""efo_term"": ""Fish-eye disease"", ""mesh_heading"": ""Lecithin Cholesterol Acyltransferase Deficiency"", ""max_phase_for_ind"": ""1.0"", ""indication_refs"": [{""ref_id"": ""NCT01618825""}]}. The cited NCT is NCT01618825: ""An Open Label, Randomized, Two-Period, Two-Treatment, Two-Sequence, Crossover, Balanced, Single Dose Oral Bioequivalence Study of Lamotrigine Tablets 25 mg (2 x 25 mg Tablets) and 'LAMICTAL' (Lamotrigine) Tablets 25 mg (2 x 25 mg Tablets) in Healthy Adult Human Subjects Under Fed Conditions."" (sponsor IPCA Laboratories Ltd., healthy volunteers, condition field = ""Fed"", n=28) - a bioequivalence study in healthy adults, not treatment of fish eye disease. All 20 Orphanet:79292 rows in chembl_drug_indication.jsonl are of this kind and all are phase 1. Fish eye disease is absent from opentargets clinical_indication entirely (0 rows for MONDO_0007620 and Orphanet_79292); the only genuine records for this disease in the sources are EMA orphan designations under the broader name lecithin-cholesterol acyltransferase deficiency (EU/3/21/2490 recombinant human apolipoprotein A-I, Positive; EU/3/12/1051 recombinant human lecithin cholesterol acyltransferase, Withdrawn), which is why disease_has_any_drug_record is yes. Lamotrigine (CHEMBL741) holds no EMA orphan designation (0 rows in ema_orphan_designations.xlsx). Other disease: lamotrigine is approved for epilepsy (opentargets clinical_indication CHEMBL741 / MONDO_0005027 epilepsy APPROVAL)."
37,fish eye disease,LCAT,levocetirizine dihydrochloride,mismatch,high,not_treatment,approved,none,yes,ctgov,NCT01567501,"ClinicalTrials.gov NCT01567501: ""A Randomized, Open Label, Balanced, Two-Treatment, Two-Period, Two-Sequence, Single Dose, Crossover, Bioequivalence Study of Levocetirizine Dihydrochloride 5 mg Tablets With Xyzal 5 mg Tablets in Normal, Healthy, Adult, Human Subjects Under Fed Condition"" (conditions: [""Fed""], healthy_volunteers: Yes, PHASE1, COMPLETED, n=28, sponsor IPCA Laboratories Ltd.)","Identifier mis-expansion trap: ChEMBL expanded the trial-condition string ""Fed"" into Fish-Eye Disease (Orphanet:79292). The ChEMBL row is {""molecule_chembl_id"": ""CHEMBL1201190"", ""parent_molecule_chembl_id"": ""CHEMBL1201191"", ""efo_id"": ""Orphanet:79292"", ""efo_term"": ""Fish-eye disease"", ""mesh_heading"": ""Lecithin Cholesterol Acyltransferase Deficiency"", ""max_phase_for_ind"": ""1.0"", ""indication_refs"": [{""ref_id"": ""NCT01567501""}]}. The cited NCT is NCT01567501: ""A Randomized, Open Label, Balanced, Two-Treatment, Two-Period, Two-Sequence, Single Dose, Crossover, Bioequivalence Study of Levocetirizine Dihydrochloride 5 mg Tablets With Xyzal 5 mg Tablets in Normal, Healthy, Adult, Human Subjects Under Fed Condition"" (sponsor IPCA Laboratories Ltd., healthy volunteers, condition field = ""Fed"", n=28) - a bioequivalence study in healthy adults, not treatment of fish eye disease. All 20 Orphanet:79292 rows in chembl_drug_indication.jsonl are of this kind and all are phase 1. Fish eye disease is absent from opentargets clinical_indication entirely (0 rows for MONDO_0007620 and Orphanet_79292); the only genuine records for this disease in the sources are EMA orphan designations under the broader name lecithin-cholesterol acyltransferase deficiency (EU/3/21/2490 recombinant human apolipoprotein A-I, Positive; EU/3/12/1051 recombinant human lecithin cholesterol acyltransferase, Withdrawn), which is why disease_has_any_drug_record is yes. Levocetirizine dihydrochloride (CHEMBL1201190, parent levocetirizine CHEMBL1201191) holds no EMA orphan designation (0 rows in ema_orphan_designations.xlsx). Other disease: levocetirizine is approved for allergic disease and urticaria (opentargets clinical_indication CHEMBL1201191 / MONDO_0005271 APPROVAL, CHEMBL1201190 / MONDO_0005492 APPROVAL)."
38,fish eye disease,LCAT,ondansetron,mismatch,high,not_treatment,approved,none,yes,ctgov,NCT01578265,"ClinicalTrials.gov NCT01578265: ""A Randomized, Open Label, Balanced, Two-Treatment, Two-Period, Two-Sequence, Single Dose, Crossover, Bioequivalence Study of Ondansetron Tablets USP 8 mg With Zofran 8 mg in Normal, Healthy, Adult, Human Subjects Under Fed Condition."" (conditions: [""Fed""], healthy_volunteers: Yes, PHASE1, COMPLETED, n=48, sponsor IPCA Laboratories Ltd.)","Identifier mis-expansion trap: ChEMBL expanded the trial-condition string ""Fed"" into Fish-Eye Disease (Orphanet:79292). The ChEMBL row is {""molecule_chembl_id"": ""CHEMBL46"", ""parent_molecule_chembl_id"": ""CHEMBL46"", ""efo_id"": ""Orphanet:79292"", ""efo_term"": ""Fish-eye disease"", ""mesh_heading"": ""Lecithin Cholesterol Acyltransferase Deficiency"", ""max_phase_for_ind"": ""1.0"", ""indication_refs"": [{""ref_id"": ""NCT01578265""}]} (the salt CHEMBL3186492 carries the identical row). The cited NCT is NCT01578265: ""A Randomized, Open Label, Balanced, Two-Treatment, Two-Period, Two-Sequence, Single Dose, Crossover, Bioequivalence Study of Ondansetron Tablets USP 8 mg With Zofran 8 mg in Normal, Healthy, Adult, Human Subjects Under Fed Condition."" (sponsor IPCA Laboratories Ltd., healthy volunteers, condition field = ""Fed"", n=48) - a bioequivalence study in healthy adults, not treatment of fish eye disease. All 20 Orphanet:79292 rows in chembl_drug_indication.jsonl are of this kind and all are phase 1. Fish eye disease is absent from opentargets clinical_indication entirely (0 rows for MONDO_0007620 and Orphanet_79292); the only genuine records for this disease in the sources are EMA orphan designations under the broader name lecithin-cholesterol acyltransferase deficiency (EU/3/21/2490 recombinant human apolipoprotein A-I, Positive; EU/3/12/1051 recombinant human lecithin cholesterol acyltransferase, Withdrawn), which is why disease_has_any_drug_record is yes. Ondansetron (CHEMBL46) holds no EMA orphan designation (0 rows in ema_orphan_designations.xlsx). Other disease: ondansetron is approved for post-operative nausea and vomiting (opentargets clinical_indication CHEMBL46 / EFO_0004888 APPROVAL)."
40,fish eye disease,LCAT,olanzapine,mismatch,high,not_treatment,approved,none,yes,ctgov,NCT01503424,"ClinicalTrials.gov NCT01503424: ""An Open Label, Balanced, Randomized, Two-treatment, Two-period, Two-sequence, Single Oral Dose, Crossover, Bioequivalence Study of Olanzapine Tablets 5 mg With Zyprexa Tablets 5 mg in Healthy Subjects Under Fed Conditions"" (conditions: [""Fed""], healthy_volunteers: Yes, PHASE1, COMPLETED, n=48, sponsor Dr. Reddy's Laboratories Limited)","Identifier mis-expansion trap: ChEMBL expanded the trial-condition string ""Fed"" into Fish-Eye Disease (Orphanet:79292). The ChEMBL row is {""molecule_chembl_id"": ""CHEMBL715"", ""parent_molecule_chembl_id"": ""CHEMBL715"", ""efo_id"": ""Orphanet:79292"", ""efo_term"": ""Fish-eye disease"", ""mesh_heading"": ""Lecithin Cholesterol Acyltransferase Deficiency"", ""max_phase_for_ind"": ""1.0"", ""indication_refs"": [{""ref_id"": ""NCT01503424,NCT01503450""}]}. The cited NCT is NCT01503424: ""An Open Label, Balanced, Randomized, Two-treatment, Two-period, Two-sequence, Single Oral Dose, Crossover, Bioequivalence Study of Olanzapine Tablets 5 mg With Zyprexa Tablets 5 mg in Healthy Subjects Under Fed Conditions"" (sponsor Dr. Reddy's Laboratories Limited, healthy volunteers, condition field = ""Fed"", n=48) - a bioequivalence study in healthy adults, not treatment of fish eye disease. All 20 Orphanet:79292 rows in chembl_drug_indication.jsonl are of this kind and all are phase 1. Fish eye disease is absent from opentargets clinical_indication entirely (0 rows for MONDO_0007620 and Orphanet_79292); the only genuine records for this disease in the sources are EMA orphan designations under the broader name lecithin-cholesterol acyltransferase deficiency (EU/3/21/2490 recombinant human apolipoprotein A-I, Positive; EU/3/12/1051 recombinant human lecithin cholesterol acyltransferase, Withdrawn), which is why disease_has_any_drug_record is yes. Olanzapine (CHEMBL715) holds no EMA orphan designation (0 rows in ema_orphan_designations.xlsx). Other disease: olanzapine is approved for bipolar disorder (opentargets clinical_indication CHEMBL715 / MONDO_0004985 APPROVAL)."
41,fish eye disease,LCAT,indomethacin,mismatch,high,not_treatment,approved,none,yes,ctgov,NCT01722110,"ClinicalTrials.gov NCT01722110: ""A Randomized, Balanced, Open Label, Two Treatment, Two Period, Two Sequence, Single Dose, Crossover, Bioequivalence Study of Indomethacin Extended-Release Capsules 75 mg of Ipca Laboratories Ltd., With Indomethacin Extended-Release Capsules USP 75 mg of Epic Pharma, USA, in Normal, Healthy, Adult, Male and Female Human Subjects Under Fed Conditions."" (conditions: [""Fed""], healthy_volunteers: Yes, PHASE1, COMPLETED, n=32, sponsor IPCA Laboratories Ltd.)","Identifier mis-expansion trap: ChEMBL expanded the trial-condition string ""Fed"" into Fish-Eye Disease (Orphanet:79292). The ChEMBL row is {""molecule_chembl_id"": ""CHEMBL6"", ""parent_molecule_chembl_id"": ""CHEMBL6"", ""efo_id"": ""Orphanet:79292"", ""efo_term"": ""Fish-eye disease"", ""mesh_heading"": ""Lecithin Cholesterol Acyltransferase Deficiency"", ""max_phase_for_ind"": ""1.0"", ""indication_refs"": [{""ref_id"": ""NCT01722110""}]}. The cited NCT is NCT01722110: ""A Randomized, Balanced, Open Label, Two Treatment, Two Period, Two Sequence, Single Dose, Crossover, Bioequivalence Study of Indomethacin Extended-Release Capsules 75 mg of Ipca Laboratories Ltd., With Indomethacin Extended-Release Capsules USP 75 mg of Epic Pharma, USA, in Normal, Healthy, Adult, Male and Female Human Subjects Under Fed Conditions."" (sponsor IPCA Laboratories Ltd., healthy volunteers, condition field = ""Fed"", n=32) - a bioequivalence study in healthy adults, not treatment of fish eye disease. All 20 Orphanet:79292 rows in chembl_drug_indication.jsonl are of this kind and all are phase 1. Fish eye disease is absent from opentargets clinical_indication entirely (0 rows for MONDO_0007620 and Orphanet_79292); the only genuine records for this disease in the sources are EMA orphan designations under the broader name lecithin-cholesterol acyltransferase deficiency (EU/3/21/2490 recombinant human apolipoprotein A-I, Positive; EU/3/12/1051 recombinant human lecithin cholesterol acyltransferase, Withdrawn), which is why disease_has_any_drug_record is yes. Indomethacin (CHEMBL6) holds no EMA orphan designation (0 rows in ema_orphan_designations.xlsx). Other disease: indomethacin is approved for spondylitis and other inflammatory indications (opentargets clinical_indication CHEMBL6 / MONDO_0003937 APPROVAL)."
680,autosomal dominant hypophosphatemic rickets,FGF23,Oral phosphate with calcitriol,downstream_match,medium,not_found,approved,none,no,ctgov,NCT03748966,"chembl_drug_indication: 'CHEMBL846 | max_phase_for_ind 0.5 | MONDO:0024300 hypophosphatemic rickets | NCT03748966' and 'CHEMBL846 | max_phase_for_ind 0.5 | Orphanet:89936 X-linked hypophosphatemia | NCT03748966'; NCT03748966 title 'Calcitriol Monotherapy for X-Linked Hypophosphatemia: Effects on Mineral Ions, Growth and Skeletal Parameters', inclusion 'Clinical diagnosis of XLH with family history excluding male-to-male transmission, or positive genotype for PHEX mutation'","Input is a combination string; resolved to CALCITRIOL CHEMBL846 plus POTASSIUM PHOSPHATE, UNSPECIFIED FORM CHEMBL4298074 (whose only ChEMBL row is hypoglycaemia 0.5). NEW TYPE: subtype trial filed under the parent disease term (the mirror image of the listed parent-to-subtype phase-4 bleed). The single hypophosphatemic-rickets record in ChEMBL is NCT03748966, which requires a PHEX genotype or XLH family history, so it is XLH-only and does not cover autosomal dominant (FGF23) hypophosphatemic rickets; it is also calcitriol monotherapy explicitly without phosphate, i.e. not the input combination. Reading only the parent term would have produced a false positive for ADHR. phase_other_disease=approved for calcitriol (max_phase 4.0 hypocalcaemia, hypoparathyroidism, psoriasis, chronic kidney disease; OT APPROVAL rows with DailyMed setids and ATC d05ax03). ema_status=none: neither calcitriol nor phosphate holds a designation; the FGF23 designation in this space is 'recombinant human monoclonal IgG1 antibody for fibroblast growth factor 23 (burosumab) | Treatment of X-linked hypophosphataemia | EU/3/14/1351 | Positive' - a different molecule and a different disease."
683,amyotrophic lateral sclerosis type 4,SETX,Ubiquinone (coenzyme Q10),symptomatic,low,not_found,approved,none,yes,ctgov,NCT00243932,"chembl_drug_indication: 'CHEMBL454801 (UBIDECARENONE) | max_phase_for_ind 2.0 | MONDO:0004976 amyotrophic lateral sclerosis | NCT00243932'; NCT00243932 inclusion 'Clinical diagnosis of definite, probable, or laboratory-supported probable ALS', 'Age 21 to 85 years, inclusive', 'Disease duration of less than 5 years'","Ubiquinone/CoQ10 resolved to UBIDECARENONE CHEMBL454801 (DECYLUBIQUINONE CHEMBL217894 is a different molecule and was excluded). The only ALS record is the phase-2 Columbia trial NCT00243932, which enrolled El Escorial definite/probable ALS aged 21-85 with disease duration under 5 years - ALS4 is juvenile-onset SETX disease with a decades-long course, so those patients are effectively excluded; per the named-genetic-subtype rule I did not carry the generic ALS record over to ALS4. phase_other_disease=approved on OT clinical_indication 'drugId CHEMBL454801 / diseaseId MONDO_0004995 (cardiovascular disorder) / APPROVAL' backed by ATC c01eb09. ema_status=none for ubidecarenone: the CoQ10 designation 'ubiquinol | Treatment of primary coenzyme Q10 deficiency syndrome | EU/3/16/1765 | Positive' is a different molecule (reduced form). disease_has_any_drug_record=yes only via generic ALS (145 ChEMBL rows) and 'familial amyotrophic lateral sclerosis' (2 rows); nothing is SETX/ALS4-specific and MONDO_0011223 has no OT clinical_indication row."
722,hereditary spastic paraplegia 26,B4GALNT1,miglustat,mismatch,medium,not_found,approved,expired,no,ctgov,NCT04768166,"NCT04768166 ""Phase 2 Pharmacological Trial to Evaluate the Safety of Miglustat Administration in Subjects With Spastic Paraplegia 11 (TreatSPG11)""; Inclusion Criteria: ""Confirmed diagnosis of SPG11""","Near miss that does not hold. ChEMBL has ""ph2.0 | MONDO:0019064 | hereditary spastic paraplegia | Spastic Paraplegia, Hereditary | mol=CHEMBL1029 | NCT04768166"", a parent-term row that would look like coverage of HSP26. Opening the NCT shows it enrolled SPG11 (spatacsin) patients only, so the record does not reach SPG26/B4GALNT1; hereditary spastic paraplegia is in any case a broad clinical category, not a containing indication. hereditary spastic paraplegia 26 (MONDO:0012213) itself appears in no drug record. EMA: miglustat's three designations (EU/3/06/351 NPC Expired - recorded here as closest; EU/3/20/2349 NCL Positive; EU/3/18/2129 Pompe Withdrawn) none relate to this disease."
737,ALG1-congenital disorder of glycosylation,ALG1,D-mannose,downstream_match,medium,not_found,trial,none,no,ctgov,NCT03404869,"NCT03404869 title ""Study of ORL-1M (D-mannose) in Patients With CDG-Ib""; conditions [""CDG Ib""]; Inclusion Criteria: ""Diagnosis of CGD-1b""","ALG1-congenital disorder of glycosylation (MONDO:0012052) appears in no drug record in ChEMBL or Open Targets clinical_indication. D-mannose resolves to CHEMBL469448. ChEMBL gives it ""ph1.0 | MONDO:0015286 | congenital disorder of glycosylation | Congenital Disorders of Glycosylation | NCT03404869"" - a parent-term row. NCT03404869 is ""Study of ORL-1M (D-mannose) in Patients With CDG-Ib"", conditions ""CDG Ib"", inclusion ""Diagnosis of CGD-1b"": MPI-CDG only, the one subtype where oral mannose bypasses the enzymatic block. Open Targets records the same trial correctly as MONDO_0011257 MPI-congenital disorder of glycosylation, PHASE_1_2. So the broad ChEMBL row does not reach any ALG-subtype CDG, and ""congenital disorder of glycosylation"" is a broad category rather than a containing indication. phase_other_disease=trial rests on that MPI-CDG record plus ""ph2.0 | EFO:0003103 | urinary tract infection | NCT03395288""; note drug_molecule.description claims ""an approval for urinary tract infection"" that neither ChEMBL (phase 2) nor clinical_indication (PHASE_3) supports. EMA: mannose-name hits are all other molecules (liposomal mannose-1-phosphate EU/3/18/2047 for PMM2-CDG, mannose-6-phosphate tagged enzymes for Pompe); none is D-mannose."
738,ALG2-congenital disorder of glycosylation,ALG2,D-mannose,downstream_match,medium,not_found,trial,none,no,ctgov,NCT03404869,"NCT03404869 title ""Study of ORL-1M (D-mannose) in Patients With CDG-Ib""; conditions [""CDG Ib""]; Inclusion Criteria: ""Diagnosis of CGD-1b""","ALG2-congenital disorder of glycosylation (MONDO:0011933) appears in no drug record in ChEMBL or Open Targets clinical_indication. D-mannose resolves to CHEMBL469448. ChEMBL gives it ""ph1.0 | MONDO:0015286 | congenital disorder of glycosylation | Congenital Disorders of Glycosylation | NCT03404869"" - a parent-term row. NCT03404869 is ""Study of ORL-1M (D-mannose) in Patients With CDG-Ib"", conditions ""CDG Ib"", inclusion ""Diagnosis of CGD-1b"": MPI-CDG only, the one subtype where oral mannose bypasses the enzymatic block. Open Targets records the same trial correctly as MONDO_0011257 MPI-congenital disorder of glycosylation, PHASE_1_2. So the broad ChEMBL row does not reach any ALG-subtype CDG, and ""congenital disorder of glycosylation"" is a broad category rather than a containing indication. phase_other_disease=trial rests on that MPI-CDG record plus ""ph2.0 | EFO:0003103 | urinary tract infection | NCT03395288""; note drug_molecule.description claims ""an approval for urinary tract infection"" that neither ChEMBL (phase 2) nor clinical_indication (PHASE_3) supports. EMA: mannose-name hits are all other molecules (liposomal mannose-1-phosphate EU/3/18/2047 for PMM2-CDG, mannose-6-phosphate tagged enzymes for Pompe); none is D-mannose."
